Workbook

Sheet mocked packets
A1: Index | B1: source_mac | C1: destination_mac | D1: source_port | E1: destination_port | F1: timestamp | G1: protocol | H1: ack_number | I1: sequence_number | J1: frame_len | K1: syn_flag | L1: ack_flag | M1: rst_flag | N1: fin_flag | O1: protocol_hierarchy | P1: tcp_keep_alive | Q1: http_domain | R1: https_domain | S1: dns_domain_name | T1: ssh_encrypted | U1: ttl | V1: tcp_window_size
A2: =ROW() - 2 -> 0 | B2: MAC: HOST A | C2: MAC: HOST B | D2: 443 | E2: 80 | F2: 0 | G2: TCP | H2: 11 | I2: 12 | J2: 10 | K2: False | L2: True | M2: False | N2: False | O2: eth:ethertype:ip:tcp:tls | T2: 0 | U2: 10 | V2: 0
A3: =ROW() - 2 -> 1 | B3: MAC: HOST A | C3: MAC: HOST B | D3: 443 | E3: 80 | F3: 2.5 | G3: TCP | H3: 12 | I3: 20 | J3: 14 | K3: False | L3: True | M3: False | N3: False | O3: eth:ethertype:ip:tcp:tls | T3: 0 | U3: 12 | V3: 0
A4: 2 | B4: MAC: HOST A | C4: MAC: HOST B | D4: 443 | E4: 80 | F4: 2.6 | G4: TCP | H4: 13 | I4: 7 | J4: 11 | K4: False | L4: True | M4: False | N4: False | O4: eth:ethertype:ip:tcp:tls | T4: 0 | U4: 14 | V4: 0
A5: 3 | B5: MAC: HOST A | C5: MAC: HOST B | D5: 443 | E5: 80 | F5: 3.2 | G5: TCP | H5: 13 | I5: 32 | J5: 10 | K5: False | L5: True | M5: False | N5: False | O5: eth:ethertype:ip:tcp:tls | T5: 0 | U5: 16 | V5: 0
A6: 4 | B6: MAC: HOST A | C6: MAC: HOST B | D6: 443 | E6: 80 | F6: 3.8 | G6: TCP | H6: 14 | I6: 42 | J6: 8 | K6: False | L6: True | M6: False | N6: True | O6: eth:ethertype:ip:tcp:tls | T6: 0 | U6: 11 | V6: 0
A7: 5 | B7: MAC: HOST B | C7: MAC: HOST A | D7: 80 | E7: 443 | F7: 4.9 | G7: TCP | H7: 43 | I7: 66 | J7: 8 | K7: False | L7: True | M7: False | N7: True | O7: eth:ethertype:ip:tcp:tls | T7: 0 | U7: 8 | V7: 0
A8: 6 | B8: MAC: HOST A | C8: MAC: HOST B | D8: 443 | E8: 80 | F8: 5.1 | G8: TCP | H8: 67 | I8: 43 | J8: 2 | K8: False | L8: True | M8: False | N8: False | O8: eth:ethertype:ip:tcp:tls | T8: 0 | U8: 9 | V8: 0
A9: 7 | B9: MAC: HOST A | C9: MAC: HOST B | D9: 443 | E9: 80 | F9: 5.2 | G9: SSH | H9: 44 | I9: 0 | J9: 3 | K9: True | L9: False | M9: False | N9: False | O9: eth:ethertype:ip:tcp:ssh | T9: 0 | U9: 1 | V9: 0

Sheet Channel conversation
A1: Index | B1: src_mac | C1: dst_mac | D1: src_port | E1: dst_port | F1: protocol | G1: start_ts | H1: last_ts | I1: duration | J1: total_packet_count | K1: syn_flag_count | L1: ack_flag_count | M1: rst_flag_count | N1: fin_flag_count | O1: packet_size | P1: packet_size_mean | Q1: packet_size_ssr | R1: packet_size_std | S1: iat_time | T1: iat_time_mean | U1: iat_time_ssr | V1: iat_time_std | W1: ex_ack_number | X1: keep_alive_count | Y1: inbound_packet_count | Z1: outbound_packet_count | AA1: inbound_packet_rate | AB1: outbound_packet_rate | AC1: connection_count | AD1: invalid_checksums_count | AE1: num_connection_per_domain | AF1: ttl | AG1: ttl_packets | AH1: ttl_mean | AI1: ttl_ssr | AJ1: ttl_std
A2: =ROW() - 2 -> 0 | B2: ='mocked packets'!B2 -> MAC: HOST A | C2: ='mocked packets'!C2 -> MAC: HOST B | D2: ='mocked packets'!D2 -> 443 | E2: ='mocked packets'!E2 -> 80 | F2: ='mocked packets'!G2 -> TCP | G2: ='mocked packets'!F2 -> 0 | H2: =G2-H2 -> 0 | I2: =H2-G2 -> 0 | J2: 1 | K2: =IF('mocked packets'!K2="True", 1, 0) -> 0 | L2: =IF('mocked packets'!L2="True", 1, 0) -> 1 | M2: =IF('mocked packets'!M2="True", 1, 0) -> 0 | N2: =IF('mocked packets'!N2="True", 1, 0) -> 0 | O2: ='mocked packets'!J2 -> 10 | P2: =O2 /J2 -> 10 | Q2: =(O2 -P2 )^2 -> 0 | R2: =(Q2/J2)^0.5 -> 0 | S2: =IF(J2>1, ('mocked packets'!F2) - ('mocked packets'!F1) + S1, 0) -> 0 | T2: =IF(S2>0,S2/(J2-1), 0) -> 0 | U2: =(S2 -T2)^2 -> 0 | V2: =IF(J2 > 1, (U2/(J2 - 1))^0.5, 0) -> 0 | W2: -1 | X2: =IF('mocked packets'!P2="True", 1, 0) -> 0 | Y2: =IF('mocked packets'!B2="MAC: HOST A", 1, 0) -> 1 | Z2: =IF('mocked packets'!B2="MAC: HOST B", 1, 0) -> 0 | AA2: =IF(I2>0, Y2/I2, 0) -> 0 | AB2: =IF(I2>0, Z2/I2, 0) -> 0 | AC2: =IF(AND('mocked packets'!B2="MAC: HOST A", 'mocked packets'!K2=TRUE), 1, 0) -> 0 | AD2: {=IF(ISNUMBER(SEARCH(tcp,malformed,'mocked packets'!O2)),1,0)} -> 0 | AE2: 0 | AF2: ='mocked packets'!U2 -> 10 | AG2: 1 | AH2: =AF2 /AG2 -> 10 | AI2: 0 | AJ2: =(AI2/AG2)^2 -> 0
A3: =ROW() - 2 -> 1 | B3: ='mocked packets'!B3 -> MAC: HOST A | C3: ='mocked packets'!C3 -> MAC: HOST B | D3: ='mocked packets'!D3 -> 443 | E3: ='mocked packets'!E3 -> 80 | F3: ='mocked packets'!G2 -> TCP | G3: ='mocked packets'!F2 -> 0 | H3: ='mocked packets'!F3 -> 2.5 | I3: =H3-G3 -> 2.5 | J3: =J2 + 1 -> 2 | K3: =IF('mocked packets'!K3="True", 1+K2, 0+K2) -> 0 | L3: =IF('mocked packets'!L2="True", 1 +L2, 0 + L2) -> 2 | M3: =IF('mocked packets'!M3="True", 1+M2, 0+M2) -> 0 | N3: =IF('mocked packets'!N3="True", 1 + N2, 0 + N2) -> 0 | O3: ='mocked packets'!J3 + O2 -> 24 | P3: =O3 /J3 -> 12 | Q3: =('mocked packets'!J3 -P3 )^2 + Q2 -> 4 | R3: =(Q3/J3)^0.5 -> 1.4142136 | S3: =IF(J3>1, ('mocked packets'!F3) - ('mocked packets'!F2) + S2, 0) -> 2.5 | T3: =IF(S3>0,S3/(J3-1), 0) -> 2.5 | U3: =(S3 -T3)^2 -> 0 | V3: =IF(J3 > 1, (U3/(J3 - 1))^0.5, 0) -> 0 | W3: -1 | X3: =IF('mocked packets'!P2="True", 1+X2, 0+X2) -> 0 | Y3: =IF('mocked packets'!B2="MAC: HOST A", 1 + Y2, 0) -> 2 | Z3: =IF('mocked packets'!B2="MAC: HOST B", 1 + Z2, 0 + Z2) -> 0 | AA3: =IF(I3>0, Y3/I3, 0) -> 0.8 | AB3: =IF(I3>0, Z3/I3, 0) -> 0 | AC3: =IF(AND('mocked packets'!B2="MAC: HOST A", 'mocked packets'!K3=TRUE), 1 + AC2, 0 + AC2) -> 0 | AD3: {=IF(ISNUMBER(SEARCH(tcp,malformed,'mocked packets'!O2)),1 + AD2,0 + AD2)} -> 0 | AE3: 0 | AF3: ='mocked packets'!U3 + AF2 -> 22 | AG3: =AG2 + 1 -> 2 | AH3: =AF3 /AG3 -> 11 | AI3: =((AF3 - AF2) - AH3)^2 + AI2 -> 1 | AJ3: =(AI3/AG3) ^0.5 -> 0.70710678
A4: 2 | B4: ='mocked packets'!B5 -> MAC: HOST A | C4: ='mocked packets'!C5 -> MAC: HOST B | D4: ='mocked packets'!D5 -> 443 | E4: ='mocked packets'!E5 -> 80 | F4: ='mocked packets'!G2 -> TCP | G4: ='mocked packets'!F2 -> 0 | H4: ='mocked packets'!F4 -> 2.6 | I4: =H4-G4 -> 2.6 | J4: =J3 + 1 -> 3 | K4: =IF('mocked packets'!K4="True", 1+K3, 0+K3) -> 0 | L4: =IF('mocked packets'!L3="True", 1 +L3, 0 + L3) -> 3 | M4: =IF('mocked packets'!M4=TRUE, 1+M3, 0+M3) -> 0 | N4: =IF('mocked packets'!N4="True", 1 + N3, 0 + N3) -> 0 | O4: ='mocked packets'!J4 + O3 -> 35 | P4: =O4 /J4 -> 11.666667 | Q4: =('mocked packets'!J4 -P4 )^2 + Q3 -> 4.4444444 | R4: =(Q4/J4)^0.5 -> 1.2171612 | S4: =IF(J4>1, ('mocked packets'!F4) - ('mocked packets'!F3) + S3, 0) -> 2.6 | T4: =IF(S4>0,S4/(J4-1), 0) -> 1.3 | U4: =((S4-S3) - T4)^2 -> 1.44 | V4: =IF(J4 > 1, (U4/(J4 - 1))^0.5, 0) -> 0.84852814 | W4: -1 | X4: =IF(NOT('mocked packets'!P4), 0 + X3, 1 + X3) -> 0 | Y4: =IF('mocked packets'!B3="MAC: HOST A", 1 + Y3, 0) -> 3 | Z4: =IF('mocked packets'!B3="MAC: HOST B", 1 + Z3, 0 + Z3) -> 0 | AA4: =IF(I4>0, Y4/I4, 0) -> 1.1538462 | AB4: =IF(I4>0, Z4/I4, 0) -> 0 | AC4: =IF(AND('mocked packets'!B3="MAC: HOST A", 'mocked packets'!K4=TRUE), 1 + AC3, 0 + AC3) -> 0 | AD4: {=IF(ISNUMBER(SEARCH(tcp,malformed,'mocked packets'!O3)),1 + AD3,0 + AD3)} -> 0 | AE4: 0 | AF4: ='mocked packets'!U4 + AF3 -> 36 | AG4: =AG3 + 1 -> 3 | AH4: =AF4 /AG4 -> 12 | AI4: =((AF4 - AF3) - AH4)^2 + AI3 -> 5 | AJ4: =(AI4/AG4) ^0.5 -> 1.2909944
A5: 3 | B5: ='mocked packets'!B4 -> MAC: HOST A | C5: ='mocked packets'!C4 -> MAC: HOST B | D5: ='mocked packets'!D4 -> 443 | E5: ='mocked packets'!E4 -> 80 | F5: ='mocked packets'!G2 -> TCP | G5: ='mocked packets'!F2 -> 0 | H5: ='mocked packets'!F5 -> 3.2 | I5: =H5-G5 -> 3.2 | J5: =J4 + 1 -> 4 | K5: =IF('mocked packets'!K5="True", 1+K4, 0+K4) -> 0 | L5: =IF('mocked packets'!L4="True", 1 +L4, 0 + L4) -> 4 | M5: =IF('mocked packets'!M5=TRUE, 1+M4, 0+M4) -> 0 | N5: =IF('mocked packets'!N5="True", 1 + N4, 0 + N4) -> 0 | O5: ='mocked packets'!J5 + O4 -> 45 | P5: =O5 /J5 -> 11.25 | Q5: =('mocked packets'!J5 -P5 )^2 + Q4 -> 6.0069444 | R5: =(Q5/J5)^0.5 -> 1.2254534 | S5: =IF(J5>1, ('mocked packets'!F5) - ('mocked packets'!F4) + S4, 0) -> 3.2 | T5: =IF(S5>0,S5/(J5-1), 0) -> 1.0666667 | U5: =(('mocked packets'!F5 - 'mocked packets'!F4) - T5)^2 + U4 -> 1.6577778 | V5: =IF(J5 > 1, (U5/(J5 - 1))^0.5, 0) -> 0.74336572 | W5: -1 | X5: =IF(NOT('mocked packets'!P5), 0 + X4, 1 + X4) -> 0 | Y5: =IF('mocked packets'!B4="MAC: HOST A", 1 + Y4, 0) -> 4 | Z5: =IF('mocked packets'!B4="MAC: HOST B", 1 + Z4, 0 + Z4) -> 0 | AA5: =IF(I5>0, Y5/I5, 0) -> 1.25 | AB5: =IF(I5>0, Z5/I5, 0) -> 0 | AC5: =IF(AND('mocked packets'!B4="MAC: HOST A", 'mocked packets'!K5=TRUE), 1 + AC4, 0 + AC4) -> 0 | AD5: {=IF(ISNUMBER(SEARCH(tcp,malformed,'mocked packets'!O4)),1 + AD4,0 + AD4)} -> 0 | AE5: 0 | AF5: ='mocked packets'!U5 + AF4 -> 52 | AG5: =AG4 + 1 -> 4 | AH5: =AF5 /AG5 -> 13 | AI5: =((AF5 - AF4) - AH5)^2 + AI4 -> 14 | AJ5: =(AI5/AG5) ^0.5 -> 1.8708287
A6: 4 | B6: ='mocked packets'!B5 -> MAC: HOST A | C6: ='mocked packets'!C6 -> MAC: HOST B | D6: ='mocked packets'!D5 -> 443 | E6: ='mocked packets'!E5 -> 80 | F6: ='mocked packets'!G3 -> TCP | G6: ='mocked packets'!F2 -> 0 | H6: ='mocked packets'!F6 -> 3.8 | I6: =H6-G6 -> 3.8 | J6: =J5 + 1 -> 5 | K6: =IF('mocked packets'!K6="True", 1+K5, 0+K5) -> 0 | L6: =IF('mocked packets'!L5="True", 1 +L5, 0 + L5) -> 5 | M6: =IF('mocked packets'!M6=TRUE, 1+M5, 0+M5) -> 0 | N6: =IF('mocked packets'!N6="True", 1 + N5, 0 + N5) -> 1 | O6: ='mocked packets'!J6 + O5 -> 53 | P6: =O6 /J6 -> 10.6 | Q6: =('mocked packets'!J6 -P6 )^2 + Q5 -> 12.766944 | R6: =(Q6/J6)^0.5 -> 1.5979327 | S6: =IF(J6>1, ('mocked packets'!F6) - ('mocked packets'!F5) + S5, 0) -> 3.8 | T6: =IF(S6>0,S6/(J6-1), 0) -> 0.95 | U6: =(('mocked packets'!F6 - 'mocked packets'!F5) - T6)^2 + U5 -> 1.7802778 | V6: =IF(J6 > 1, (U6/(J6 - 1))^0.5, 0) -> 0.66713525 | W6: -1 | X6: =IF(NOT('mocked packets'!P6), 0 + X5, 1 + X5) -> 0 | Y6: =IF('mocked packets'!B5="MAC: HOST A", 1 + Y5, 0) -> 5 | Z6: =IF('mocked packets'!B5="MAC: HOST B", 1 + Z5, 0 + Z5) -> 0 | AA6: =IF(I6>0, Y6/I6, 0) -> 1.3157895 | AB6: =IF(I6>0, Z6/I6, 0) -> 0 | AC6: =IF(AND('mocked packets'!B5="MAC: HOST A", 'mocked packets'!K6=TRUE), 1 + AC5, 0 + AC5) -> 0 | AD6: {=IF(ISNUMBER(SEARCH(tcp,malformed,'mocked packets'!O5)),1 + AD5,0 + AD5)} -> 0 | AE6: 0 | AF6: ='mocked packets'!U6 + AF5 -> 63 | AG6: =AG5 + 1 -> 5 | AH6: =AF6 /AG6 -> 12.6 | AI6: =((AF6 - AF5) - AH6)^2 + AI5 -> 16.56 | AJ6: =(AI6/AG6) ^0.5 -> 1.8198901
A7: 5 | B7: ='mocked packets'!B6 -> MAC: HOST A | C7: ='mocked packets'!C6 -> MAC: HOST B | D7: ='mocked packets'!D6 -> 443 | E7: ='mocked packets'!E6 -> 80 | F7: ='mocked packets'!G4 -> TCP | G7: ='mocked packets'!F2 -> 0 | H7: ='mocked packets'!F7 -> 4.9 | I7: =H7-G7 -> 4.9 | J7: =J6 + 1 -> 6 | K7: =IF('mocked packets'!K7="True", 1+K6, 0+K6) -> 0 | L7: =IF('mocked packets'!L6="True", 1 +L6, 0 + L6) -> 6 | M7: =IF('mocked packets'!M7=TRUE, 1+M6, 0+M6) -> 0 | N7: =IF('mocked packets'!N7="True", 1 + N6, 0 + N6) -> 2 | O7: ='mocked packets'!J7 + O6 -> 61 | P7: =O7 /J7 -> 10.166667 | Q7: =('mocked packets'!J7 -P7 )^2 + Q6 -> 17.461389 | R7: =(Q7/J7)^0.5 -> 1.7059401 | S7: =IF(J7>1, ('mocked packets'!F7) - ('mocked packets'!F6) + S6, 0) -> 4.9 | T7: =IF(S7>0,S7/(J7-1), 0) -> 0.98 | U7: =(('mocked packets'!F7 - 'mocked packets'!F6) - T7)^2 + U6 -> 1.7946778 | V7: =IF(J7 > 1, (U7/(J7 - 1))^0.5, 0) -> 0.59911231 | W7: 67 | X7: =IF(NOT('mocked packets'!P7), 0 + X6, 1 + X6) -> 0 | Y7: =IF('mocked packets'!B7="MAC: HOST A", 1 + Y6, 0 + Y6) -> 5 | Z7: =IF('mocked packets'!B7="MAC: HOST B", 1 + Z6, 0 + Z6) -> 1 | AA7: =IF(I7>0, Y7/I7, 0) -> 1.0204082 | AB7: =IF(I7>0, Z7/I7, 0) -> 0.20408163 | AC7: =IF(AND('mocked packets'!B6="MAC: HOST A", 'mocked packets'!K7=TRUE), 1 + AC6, 0 + AC6) -> 0 | AD7: {=IF(ISNUMBER(SEARCH(tcp,malformed,'mocked packets'!O6)),1 + AD6,0 + AD6)} -> 0 | AE7: 0 | AF7: ='mocked packets'!U7 + AF6 -> 71 | AG7: =AG6 + 1 -> 6 | AH7: =AF7 /AG7 -> 11.833333 | AI7: =((AF7 - AF6) - AH7)^2 + AI6 -> 31.254444 | AJ7: =(AI7/AG7) ^0.5 -> 2.2823396
A8: 6 | B8: ='mocked packets'!B8 -> MAC: HOST A | C8: ='mocked packets'!C6 -> MAC: HOST B | D8: ='mocked packets'!D8 -> 443 | E8: ='mocked packets'!E8 -> 80 | F8: ='mocked packets'!G5 -> TCP | G8: ='mocked packets'!F2 -> 0 | H8: ='mocked packets'!F8 -> 5.1 | I8: =H8-G8 -> 5.1 | J8: =J7 + 1 -> 7 | K8: =IF('mocked packets'!K8="True", 1+K7, 0+K7) -> 0 | L8: =IF('mocked packets'!L7="True", 1 +L7, 0 + L7) -> 7 | M8: =IF('mocked packets'!M8=TRUE, 1+M7, 0+M7) -> 0 | N8: =IF('mocked packets'!N8="True", 1 + N7, 0 + N7) -> 2 | O8: ='mocked packets'!J8 + O7 -> 63 | P8: =O8 /J8 -> 9 | Q8: =('mocked packets'!J8 -P8 )^2 + Q7 -> 66.461389 | R8: =(Q8/J8)^0.5 -> 3.0813121 | S8: =IF(J8>1, ('mocked packets'!F8) - ('mocked packets'!F7) + S7, 0) -> 5.1 | T8: =IF(S8>0,S8/(J8-1), 0) -> 0.85 | U8: =(('mocked packets'!F8 - 'mocked packets'!F7) - T8)^2 + U7 -> 2.2171778 | V8: =IF(J8 > 1, (U8/(J8 - 1))^0.5, 0) -> 0.60788949 | W8: 67 | X8: =IF(NOT('mocked packets'!P8), 0 + X7, 1 + X7) -> 0 | Y8: =IF('mocked packets'!B8="MAC: HOST A", 1 + Y7, 0 +Y7) -> 6 | Z8: =IF('mocked packets'!B8="MAC: HOST B", 1 + Z7, 0 + Z7) -> 1 | AA8: =IF(I8>0, Y8/I8, 0) -> 1.1764706 | AB8: =IF(I8>0, Z8/I8, 0) -> 0.19607843 | AC8: =IF(AND('mocked packets'!B7="MAC: HOST A", 'mocked packets'!K8=TRUE), 1 + AC7, 0 + AC7) -> 0 | AD8: {=IF(ISNUMBER(SEARCH(tcp,malformed,'mocked packets'!O7)),1 + AD7,0 + AD7)} -> 0 | AE8: 0 | AF8: ='mocked packets'!U8 + AF7 -> 80 | AG8: =AG7 + 1 -> 7 | AH8: =AF8 /AG8 -> 11.428571 | AI8: =((AF8 - AF7) - AH8)^2 + AI7 -> 37.152404 | AJ8: =(AI8/AG8) ^0.5 -> 2.3037982
A9: 7 | B9: ='mocked packets'!B8 -> MAC: HOST A | C9: ='mocked packets'!C8 -> MAC: HOST B | D9: ='mocked packets'!D8 -> 443 | E9: ='mocked packets'!E8 -> 80 | F9: ='mocked packets'!G9 -> SSH | G9: ='mocked packets'!F9 -> 5.2 | H9: ='mocked packets'!F9 -> 5.2 | I9: =H9-G9 -> 0 | J9: =1 -> 1 | K9: =IF('mocked packets'!K9="True", 1+K8, 0+K8) -> 1 | L9: =IF('mocked packets'!L9="True", 1, 0) -> 0 | M9: =IF('mocked packets'!M9=TRUE, 1+M8, 0+M8) -> 0 | N9: =IF('mocked packets'!N9="True", 1, 0) -> 0 | O9: ='mocked packets'!J9 -> 3 | P9: =O9 /J9 -> 3 | Q9: =('mocked packets'!J9 -P9 )^2 -> 0 | R9: =(Q9/J9)^0.5 -> 0 | S9: =IF(J9>1, ('mocked packets'!F9) - ('mocked packets'!F8) + S8, 0) -> 0 | T9: =IF(S9>0,S9/(J9-1), 0) -> 0 | U9: 0 | V9: =IF(J9 > 1, (U9/(J9 - 1))^0.5, 0) -> 0 | W9: -1 | X9: =IF(NOT('mocked packets'!P9), 0 + X8, 1 + X8) -> 0 | Y9: =1 -> 1 | Z9: 0 | AA9: =IF(I9>0, Y9/I9, 0) -> 0 | AB9: =IF(I9>0, Z9/I9, 0) -> 0 | AC9: =1 -> 1 | AD9: {=IF(ISNUMBER(SEARCH(tcp,malformed,'mocked packets'!O8)),1 + AD8,0 + AD8)} -> 0 | AE9: 0 | AF9: ='mocked packets'!U9 -> 1 | AG9: =1 -> 1 | AH9: =AF9 /AG9 -> 1 | AI9: 0 | AJ9: =(AI9/AG9) ^0.5 -> 0

Sheet Destination port conversation
A1: Index | B1: src_mac | C1: dst_mac | D1: src_port | E1: dst_port | F1: protocol | G1: start_ts | H1: last_ts | I1: duration | J1: total_packet_count | K1: syn_flag_count | L1: ack_flag_count | M1: rst_flag_count | N1: fin_flag_count | O1: packet_size | P1: packet_size_mean | Q1: packet_size_ssr | R1: packet_size_std | S1: iat_time | T1: iat_time_mean | U1: iat_time_ssr | V1: iat_time_std | W1: ex_ack_number | X1: keep_alive_count | Y1: inbound_packet_count | Z1: outbound_packet_count | AA1: inbound_packet_rate | AB1: outbound_packet_rate | AC1: connection_count | AD1: invalid_checksums_count | AE1: num_connection_per_domain | AF1: ttl | AG1: ttl_packets | AH1: ttl_mean | AI1: ttl_ssr | AJ1: ttl_std
A2: =ROW() - 2 -> 0 | B2: MAC: HOST A-443 | C2: ='mocked packets'!C2 -> MAC: HOST B | D2: ='mocked packets'!D2 -> 443 | E2: ='mocked packets'!E2 -> 80 | F2: ='mocked packets'!G2 -> TCP | G2: ='mocked packets'!F2 -> 0 | H2: =G2-H2 -> 0 | I2: =H2-G2 -> 0 | J2: 1 | K2: =IF('mocked packets'!K2="True", 1, 0) -> 0 | L2: =IF('mocked packets'!L2="True", 1, 0) -> 1 | M2: =IF('mocked packets'!M2="True", 1, 0) -> 0 | N2: =IF('mocked packets'!N2="True", 1, 0) -> 0 | O2: ='mocked packets'!J2 -> 10 | P2: =O2 /J2 -> 10 | Q2: =(O2 -P2 )^2 -> 0 | R2: =(Q2/J2)^0.5 -> 0 | S2: =IF(J2>1, ('mocked packets'!F2) - ('mocked packets'!F1) + S1, 0) -> 0 | T2: =IF(S2>0,S2/(J2-1), 0) -> 0 | U2: =(S2 -T2)^2 -> 0 | V2: =IF(J2 > 1, (U2/(J2 - 1))^0.5, 0) -> 0 | W2: -1 | X2: =IF('mocked packets'!P2="True", 1, 0) -> 0 | Y2: =IF('mocked packets'!B2="MAC: HOST A", 1, 0) -> 1 | Z2: =IF('mocked packets'!B2="MAC: HOST B", 1, 0) -> 0 | AA2: =IF(I2>0, Y2/I2, 0) -> 0 | AB2: =IF(I2>0, Z2/I2, 0) -> 0 | AC2: =IF(AND('mocked packets'!B2="MAC: HOST A", 'mocked packets'!K2=TRUE), 1, 0) -> 0 | AD2: {=IF(ISNUMBER(SEARCH(tcp,malformed,'mocked packets'!O2)),1,0)} -> 0 | AE2: 0 | AF2: ='mocked packets'!U2 -> 10 | AG2: 1 | AH2: =AF2 /AG2 -> 10 | AI2: 0 | AJ2: =(AI2/AG2)^2 -> 0
A3: =ROW() - 2 -> 1 | B3: MAC: HOST A-443 | C3: ='mocked packets'!C3 -> MAC: HOST B | D3: ='mocked packets'!D3 -> 443 | E3: ='mocked packets'!E3 -> 80 | F3: ='mocked packets'!G2 -> TCP | G3: ='mocked packets'!F2 -> 0 | H3: ='mocked packets'!F3 -> 2.5 | I3: =H3-G3 -> 2.5 | J3: =J2 + 1 -> 2 | K3: =IF('mocked packets'!K3="True", 1+K2, 0+K2) -> 0 | L3: =IF('mocked packets'!L2="True", 1 +L2, 0 + L2) -> 2 | M3: =IF('mocked packets'!M3="True", 1+M2, 0+M2) -> 0 | N3: =IF('mocked packets'!N3="True", 1 + N2, 0 + N2) -> 0 | O3: ='mocked packets'!J3 + O2 -> 24 | P3: =O3 /J3 -> 12 | Q3: =('mocked packets'!J3 -P3 )^2 + Q2 -> 4 | R3: =(Q3/J3)^0.5 -> 1.4142136 | S3: =IF(J3>1, ('mocked packets'!F3) - ('mocked packets'!F2) + S2, 0) -> 2.5 | T3: =IF(S3>0,S3/(J3-1), 0) -> 2.5 | U3: =(S3 -T3)^2 -> 0 | V3: =IF(J3 > 1, (U3/(J3 - 1))^0.5, 0) -> 0 | W3: -1 | X3: =IF('mocked packets'!P2="True", 1+X2, 0+X2) -> 0 | Y3: =IF('mocked packets'!B2="MAC: HOST A", 1 + Y2, 0) -> 2 | Z3: =IF('mocked packets'!B2="MAC: HOST B", 1 + Z2, 0 + Z2) -> 0 | AA3: =IF(I3>0, Y3/I3, 0) -> 0.8 | AB3: =IF(I3>0, Z3/I3, 0) -> 0 | AC3: =IF(AND('mocked packets'!B2="MAC: HOST A", 'mocked packets'!K3=TRUE), 1 + AC2, 0 + AC2) -> 0 | AD3: {=IF(ISNUMBER(SEARCH(tcp,malformed,'mocked packets'!O2)),1 + AD2,0 + AD2)} -> 0 | AE3: 0 | AF3: ='mocked packets'!U3 + AF2 -> 22 | AG3: 2 | AH3: =AF3 /AG3 -> 11 | AI3: =((AF3 - AF2) - AH3)^2 + AI2 -> 1 | AJ3: =(AI3/AG3) ^0.5 -> 0.70710678
A4: 2 | B4: MAC: HOST A-443 | C4: ='mocked packets'!C5 -> MAC: HOST B | D4: ='mocked packets'!D5 -> 443 | E4: ='mocked packets'!E5 -> 80 | F4: ='mocked packets'!G2 -> TCP | G4: ='mocked packets'!F2 -> 0 | H4: ='mocked packets'!F4 -> 2.6 | I4: =H4-G4 -> 2.6 | J4: =J3 + 1 -> 3 | K4: =IF('mocked packets'!K4="True", 1+K3, 0+K3) -> 0 | L4: =IF('mocked packets'!L3="True", 1 +L3, 0 + L3) -> 3 | M4: =IF('mocked packets'!M4=TRUE, 1+M3, 0+M3) -> 0 | N4: =IF('mocked packets'!N4="True", 1 + N3, 0 + N3) -> 0 | O4: ='mocked packets'!J4 + O3 -> 35 | P4: =O4 /J4 -> 11.666667 | Q4: =('mocked packets'!J4 -P4 )^2 + Q3 -> 4.4444444 | R4: =(Q4/J4)^0.5 -> 1.2171612 | S4: =IF(J4>1, ('mocked packets'!F4) - ('mocked packets'!F3) + S3, 0) -> 2.6 | T4: =IF(S4>0,S4/(J4-1), 0) -> 1.3 | U4: =((S4-S3) - T4)^2 -> 1.44 | V4: =IF(J4 > 1, (U4/(J4 - 1))^0.5, 0) -> 0.84852814 | W4: -1 | X4: =IF(NOT('mocked packets'!P4), 0 + X3, 1 + X3) -> 0 | Y4: =IF('mocked packets'!B3="MAC: HOST A", 1 + Y3, 0) -> 3 | Z4: =IF('mocked packets'!B3="MAC: HOST B", 1 + Z3, 0 + Z3) -> 0 | AA4: =IF(I4>0, Y4/I4, 0) -> 1.1538462 | AB4: =IF(I4>0, Z4/I4, 0) -> 0 | AC4: =IF(AND('mocked packets'!B3="MAC: HOST A", 'mocked packets'!K4=TRUE), 1 + AC3, 0 + AC3) -> 0 | AD4: {=IF(ISNUMBER(SEARCH(tcp,malformed,'mocked packets'!O3)),1 + AD3,0 + AD3)} -> 0 | AE4: 0 | AF4: ='mocked packets'!U4 + AF3 -> 36 | AG4: 3 | AH4: =AF4 /AG4 -> 12 | AI4: =((AF4 - AF3) - AH4)^2 + AI3 -> 5 | AJ4: =(AI4/AG4) ^0.5 -> 1.2909944
A5: 3 | B5: MAC: HOST A-443 | C5: ='mocked packets'!C4 -> MAC: HOST B | D5: ='mocked packets'!D4 -> 443 | E5: ='mocked packets'!E4 -> 80 | F5: ='mocked packets'!G2 -> TCP | G5: ='mocked packets'!F2 -> 0 | H5: ='mocked packets'!F5 -> 3.2 | I5: =H5-G5 -> 3.2 | J5: =J4 + 1 -> 4 | K5: =IF('mocked packets'!K5="True", 1+K4, 0+K4) -> 0 | L5: =IF('mocked packets'!L4="True", 1 +L4, 0 + L4) -> 4 | M5: =IF('mocked packets'!M5=TRUE, 1+M4, 0+M4) -> 0 | N5: =IF('mocked packets'!N5="True", 1 + N4, 0 + N4) -> 0 | O5: ='mocked packets'!J5 + O4 -> 45 | P5: =O5 /J5 -> 11.25 | Q5: =('mocked packets'!J5 -P5 )^2 + Q4 -> 6.0069444 | R5: =(Q5/J5)^0.5 -> 1.2254534 | S5: =IF(J5>1, ('mocked packets'!F5) - ('mocked packets'!F4) + S4, 0) -> 3.2 | T5: =IF(S5>0,S5/(J5-1), 0) -> 1.0666667 | U5: =(('mocked packets'!F5 - 'mocked packets'!F4) - T5)^2 + U4 -> 1.6577778 | V5: =IF(J5 > 1, (U5/(J5 - 1))^0.5, 0) -> 0.74336572 | W5: -1 | X5: =IF(NOT('mocked packets'!P5), 0 + X4, 1 + X4) -> 0 | Y5: =IF('mocked packets'!B4="MAC: HOST A", 1 + Y4, 0) -> 4 | Z5: =IF('mocked packets'!B4="MAC: HOST B", 1 + Z4, 0 + Z4) -> 0 | AA5: =IF(I5>0, Y5/I5, 0) -> 1.25 | AB5: =IF(I5>0, Z5/I5, 0) -> 0 | AC5: =IF(AND('mocked packets'!B4="MAC: HOST A", 'mocked packets'!K5=TRUE), 1 + AC4, 0 + AC4) -> 0 | AD5: {=IF(ISNUMBER(SEARCH(tcp,malformed,'mocked packets'!O4)),1 + AD4,0 + AD4)} -> 0 | AE5: 0 | AF5: ='mocked packets'!U5 + AF4 -> 52 | AG5: 4 | AH5: =AF5 /AG5 -> 13 | AI5: =((AF5 - AF4) - AH5)^2 + AI4 -> 14 | AJ5: =(AI5/AG5) ^0.5 -> 1.8708287
A6: 4 | B6: MAC: HOST A-443 | C6: ='mocked packets'!C6 -> MAC: HOST B | D6: ='mocked packets'!D5 -> 443 | E6: ='mocked packets'!E5 -> 80 | F6: ='mocked packets'!G3 -> TCP | G6: ='mocked packets'!F2 -> 0 | H6: ='mocked packets'!F6 -> 3.8 | I6: =H6-G6 -> 3.8 | J6: =J5 + 1 -> 5 | K6: =IF('mocked packets'!K6="True", 1+K5, 0+K5) -> 0 | L6: =IF('mocked packets'!L5="True", 1 +L5, 0 + L5) -> 5 | M6: =IF('mocked packets'!M6=TRUE, 1+M5, 0+M5) -> 0 | N6: =IF('mocked packets'!N6="True", 1 + N5, 0 + N5) -> 1 | O6: ='mocked packets'!J6 + O5 -> 53 | P6: =O6 /J6 -> 10.6 | Q6: =('mocked packets'!J6 -P6 )^2 + Q5 -> 12.766944 | R6: =(Q6/J6)^0.5 -> 1.5979327 | S6: =IF(J6>1, ('mocked packets'!F6) - ('mocked packets'!F5) + S5, 0) -> 3.8 | T6: =IF(S6>0,S6/(J6-1), 0) -> 0.95 | U6: =(('mocked packets'!F6 - 'mocked packets'!F5) - T6)^2 + U5 -> 1.7802778 | V6: =IF(J6 > 1, (U6/(J6 - 1))^0.5, 0) -> 0.66713525 | W6: -1 | X6: =IF(NOT('mocked packets'!P6), 0 + X5, 1 + X5) -> 0 | Y6: =IF('mocked packets'!B5="MAC: HOST A", 1 + Y5, 0) -> 5 | Z6: =IF('mocked packets'!B5="MAC: HOST B", 1 + Z5, 0 + Z5) -> 0 | AA6: =IF(I6>0, Y6/I6, 0) -> 1.3157895 | AB6: =IF(I6>0, Z6/I6, 0) -> 0 | AC6: =IF(AND('mocked packets'!B5="MAC: HOST A", 'mocked packets'!K6=TRUE), 1 + AC5, 0 + AC5) -> 0 | AD6: {=IF(ISNUMBER(SEARCH(tcp,malformed,'mocked packets'!O5)),1 + AD5,0 + AD5)} -> 0 | AE6: 0 | AF6: ='mocked packets'!U6 + AF5 -> 63 | AG6: =AG5 + 1 -> 5 | AH6: =AF6 /AG6 -> 12.6 | AI6: =((AF6 - AF5) - AH6)^2 + AI5 -> 16.56 | AJ6: =(AI6/AG6) ^0.5 -> 1.8198901
A7: 5 | B7: MAC: HOST A-443 | C7: ='mocked packets'!C6 -> MAC: HOST B | D7: ='mocked packets'!D6 -> 443 | E7: ='mocked packets'!E6 -> 80 | F7: ='mocked packets'!G4 -> TCP | G7: ='mocked packets'!F2 -> 0 | H7: ='mocked packets'!F7 -> 4.9 | I7: =H7-G7 -> 4.9 | J7: =J6 + 1 -> 6 | K7: =IF('mocked packets'!K7="True", 1+K6, 0+K6) -> 0 | L7: =IF('mocked packets'!L6="True", 1 +L6, 0 + L6) -> 6 | M7: =IF('mocked packets'!M7=TRUE, 1+M6, 0+M6) -> 0 | N7: =IF('mocked packets'!N7="True", 1 + N6, 0 + N6) -> 2 | O7: ='mocked packets'!J7 + O6 -> 61 | P7: =O7 /J7 -> 10.166667 | Q7: =('mocked packets'!J7 -P7 )^2 + Q6 -> 17.461389 | R7: =(Q7/J7)^0.5 -> 1.7059401 | S7: =IF(J7>1, ('mocked packets'!F7) - ('mocked packets'!F6) + S6, 0) -> 4.9 | T7: =IF(S7>0,S7/(J7-1), 0) -> 0.98 | U7: =(('mocked packets'!F7 - 'mocked packets'!F6) - T7)^2 + U6 -> 1.7946778 | V7: =IF(J7 > 1, (U7/(J7 - 1))^0.5, 0) -> 0.59911231 | W7: -1 | X7: =IF(NOT('mocked packets'!P7), 0 + X6, 1 + X6) -> 0 | Y7: =IF('mocked packets'!B7="MAC: HOST A", 1 + Y6, 0 + Y6) -> 5 | Z7: =IF('mocked packets'!B7="MAC: HOST B", 1 + Z6, 0 + Z6) -> 1 | AA7: =IF(I7>0, Y7/I7, 0) -> 1.0204082 | AB7: =IF(I7>0, Z7/I7, 0) -> 0.20408163 | AC7: =IF(AND('mocked packets'!B6="MAC: HOST A", 'mocked packets'!K7=TRUE), 1 + AC6, 0 + AC6) -> 0 | AD7: {=IF(ISNUMBER(SEARCH(tcp,malformed,'mocked packets'!O6)),1 + AD6,0 + AD6)} -> 0 | AE7: 0 | AF7: ='mocked packets'!U7 + AF6 -> 71 | AG7: =AG6 + 1 -> 6 | AH7: =AF7 /AG7 -> 11.833333 | AI7: =((AF7 - AF6) - AH7)^2 + AI6 -> 31.254444 | AJ7: =(AI7/AG7) ^0.5 -> 2.2823396
A8: 6 | B8: MAC: HOST A-443 | C8: ='mocked packets'!C8 -> MAC: HOST B | D8: ='mocked packets'!D8 -> 443 | E8: ='mocked packets'!E8 -> 80 | F8: ='mocked packets'!G5 -> TCP | G8: ='mocked packets'!F2 -> 0 | H8: ='mocked packets'!F8 -> 5.1 | I8: =H8-G8 -> 5.1 | J8: =J7 + 1 -> 7 | K8: =IF('mocked packets'!K8="True", 1+K7, 0+K7) -> 0 | L8: =IF('mocked packets'!L7="True", 1 +L7, 0 + L7) -> 7 | M8: =IF('mocked packets'!M8=TRUE, 1+M7, 0+M7) -> 0 | N8: =IF('mocked packets'!N8="True", 1 + N7, 0 + N7) -> 2 | O8: ='mocked packets'!J8 + O7 -> 63 | P8: =O8 /J8 -> 9 | Q8: =('mocked packets'!J8 -P8 )^2 + Q7 -> 66.461389 | R8: =(Q8/J8)^0.5 -> 3.0813121 | S8: =IF(J8>1, ('mocked packets'!F8) - ('mocked packets'!F7) + S7, 0) -> 5.1 | T8: =IF(S8>0,S8/(J8-1), 0) -> 0.85 | U8: =(('mocked packets'!F8 - 'mocked packets'!F7) - T8)^2 + U7 -> 2.2171778 | V8: =IF(J8 > 1, (U8/(J8 - 1))^0.5, 0) -> 0.60788949 | W8: -1 | X8: =IF(NOT('mocked packets'!P8), 0 + X7, 1 + X7) -> 0 | Y8: =IF('mocked packets'!B8="MAC: HOST A", 1 + Y7, 0 +Y7) -> 6 | Z8: =IF('mocked packets'!B8="MAC: HOST B", 1 + Z7, 0 + Z7) -> 1 | AA8: =IF(I8>0, Y8/I8, 0) -> 1.1764706 | AB8: =IF(I8>0, Z8/I8, 0) -> 0.19607843 | AC8: =IF(AND('mocked packets'!B7="MAC: HOST A", 'mocked packets'!K8=TRUE), 1 + AC7, 0 + AC7) -> 0 | AD8: {=IF(ISNUMBER(SEARCH(tcp,malformed,'mocked packets'!O7)),1 + AD7,0 + AD7)} -> 0 | AE8: 0 | AF8: ='mocked packets'!U8 + AF7 -> 80 | AG8: =AG7 + 1 -> 7 | AH8: =AF8 /AG8 -> 11.428571 | AI8: =((AF8 - AF7) - AH8)^2 + AI7 -> 37.152404 | AJ8: =(AI8/AG8) ^0.5 -> 2.3037982
A9: 7 | B9: MAC: HOST A-443 | C9: ='mocked packets'!C8 -> MAC: HOST B | D9: ='mocked packets'!D8 -> 443 | E9: ='mocked packets'!E8 -> 80 | F9: ='mocked packets'!G9 -> SSH | G9: ='mocked packets'!F9 -> 5.2 | H9: ='mocked packets'!F9 -> 5.2 | I9: =H9-G9 -> 0 | J9: =1 -> 1 | K9: =IF('mocked packets'!K9="True", 1+K8, 0+K8) -> 1 | L9: =IF('mocked packets'!L9="True", 1, 0) -> 0 | M9: =IF('mocked packets'!M9=TRUE, 1+M8, 0+M8) -> 0 | N9: =IF('mocked packets'!N9="True", 1, 0) -> 0 | O9: ='mocked packets'!J9 -> 3 | P9: =O9 /J9 -> 3 | Q9: =('mocked packets'!J9 -P9 )^2 -> 0 | R9: =(Q9/J9)^0.5 -> 0 | S9: =IF(J9>1, ('mocked packets'!F9) - ('mocked packets'!F8) + S8, 0) -> 0 | T9: =IF(S9>0,S9/(J9-1), 0) -> 0 | U9: 0 | V9: =IF(J9 > 1, (U9/(J9 - 1))^0.5, 0) -> 0 | W9: -1 | X9: =IF(NOT('mocked packets'!P9), 0 + X8, 1 + X8) -> 0 | Y9: =1 -> 1 | Z9: 0 | AA9: =IF(I9>0, Y9/I9, 0) -> 0 | AB9: =IF(I9>0, Z9/I9, 0) -> 0 | AC9: =1 -> 1 | AD9: {=IF(ISNUMBER(SEARCH(tcp,malformed,'mocked packets'!O8)),1 + AD8,0 + AD8)} -> 0 | AE9: 0 | AF9: ='mocked packets'!U9 -> 1 | AG9: =1 -> 1 | AH9: =AF9 /AG9 -> 1 | AI9: 0 | AJ9: =(AI9/AG9) ^0.5 -> 0
