Workbook

Sheet mocked packets
A1: Index | B1: source_mac | C1: destination_mac | D1: source_port | E1: destination_port | F1: timestamp | G1: protocol | H1: sequence_number | I1: frame_len | J1: syn_flag | K1: ack_flag | L1: rst_flag | M1: fin_flag | N1: protocol_hierarchy | O1: tcp_keep_alive | P1: http_domain | Q1: https_domain | R1: dns_domain_name | S1: ssh_encrypted | T1: ttl | U1: tcp_window_size
A2: =ROW() - 2 -> 0 | B2: MAC: HOST A | C2: MAC: HOST B | D2: 443 | E2: 80 | F2: 0 | G2: TCP | H2: 12 | I2: 10 | J2: False | K2: True | L2: False | M2: False | N2: eth:ethertype:ip:tcp:tls | S2: 0 | T2: 10 | U2: 0
A3: =ROW() - 2 -> 1 | B3: MAC: HOST A | C3: MAC: HOST B | D3: 443 | E3: 80 | F3: 2.5 | G3: TCP | H3: 20 | I3: 14 | J3: False | K3: True | L3: False | M3: False | N3: eth:ethertype:ip:tcp:tls | S3: 0 | T3: 12 | U3: 0
A4: 2 | B4: MAC: HOST A | C4: MAC: HOST B | D4: 443 | E4: 80 | F4: 2.6 | G4: TCP | H4: 7 | I4: 11 | J4: False | K4: True | L4: False | M4: False | N4: eth:ethertype:ip:tcp:tls | S4: 0 | T4: 14 | U4: 0
A5: 3 | B5: MAC: HOST A | C5: MAC: HOST B | D5: 443 | E5: 80 | F5: 3.2 | G5: TCP | H5: 32 | I5: 10 | J5: False | K5: True | L5: False | M5: False | N5: eth:ethertype:ip:tcp:tls | S5: 0 | T5: 16 | U5: 0
S6: 0

Sheet Channel conversation
A1: Index | B1: src_mac | C1: dst_mac | D1: src_port | E1: dst_port | F1: protocol | G1: start_ts | H1: last_ts | I1: duration | J1: total_packet_count | K1: syn_flag_count | L1: ack_flag_count | M1: rst_flag_count | N1: fin_flag_count | O1: packet_size | P1: packet_size_mean | Q1: packet_size_ssr | R1: packet_size_std | S1: iat_time | T1: iat_time_mean | U1: iat_time_ssr | V1: iat_time_std | W1: ex_ack_number | X1: keep_alive_count | Y1: inbound_packet_count | Z1: outbound_packet_count | AA1: inbound_packet_rate | AB1: outbound_packet_rate | AC1: connection_count | AD1: invalid_checksums_count | AE1: num_connection_per_domain | AF1: ttl | AG1: ttl_packets | AH1: ttl_mean | AI1: ttl_ssr | AJ1: ttl_std
A2: =ROW() - 2 -> 0 | B2: ='mocked packets'!B2 -> MAC: HOST A | C2: ='mocked packets'!C2 -> MAC: HOST B | D2: ='mocked packets'!D2 -> 443 | E2: ='mocked packets'!E2 -> 80 | F2: ='mocked packets'!G2 -> TCP | G2: ='mocked packets'!F2 -> 0 | H2: =G2-H2 -> 0 | I2: =H2-G2 -> 0 | J2: 1 | K2: =IF('mocked packets'!J2="True", 1, 0) -> 0 | L2: =IF('mocked packets'!K2="True", 1, 0) -> 1 | M2: =IF('mocked packets'!L2="True", 1, 0) -> 0 | N2: =IF('mocked packets'!M2="True", 1, 0) -> 0 | O2: ='mocked packets'!I2 -> 10 | P2: =O2 /J2 -> 10 | Q2: =(O2 -P2 )^2 -> 0 | R2: =(Q2/J2)^0.5 -> 0 | S2: =IF(J2>1, ('mocked packets'!F2) - ('mocked packets'!F1) + S1, 0) -> 0 | T2: =IF(S2>0,S2/(J2-1), 0) -> 0 | U2: =(S2 -T2)^2 -> 0 | V2: =IF(J2 > 1, (U2/(J2 - 1))^0.5, 0) -> 0 | W2: -1 | X2: =IF('mocked packets'!O2="True", 1, 0) -> 0 | Y2: =IF('mocked packets'!B2="MAC: HOST A", 1, 0) -> 1 | Z2: =IF('mocked packets'!B2="MAC: HOST B", 1, 0) -> 0 | AA2: =IF(I2>0, Y2/I2, 0) -> 0 | AB2: =IF(I2>0, Z2/I2, 0) -> 0 | AC2: =IF(AND('mocked packets'!B2="MAC: HOST A", 'mocked packets'!J2=TRUE), 1, 0) -> 0 | AD2: {=IF(ISNUMBER(SEARCH(tcp,malformed,'mocked packets'!N2)),1,0)} -> 0 | AE2: 0 | AF2: ='mocked packets'!T2 -> 10 | AG2: 1 | AH2: =AF2 /AG2 -> 10 | AI2: 0 | AJ2: =(AI2/AG2)^2 -> 0
A3: =ROW() - 2 -> 1 | B3: ='mocked packets'!B3 -> MAC: HOST A | C3: ='mocked packets'!C3 -> MAC: HOST B | D3: ='mocked packets'!D3 -> 443 | E3: ='mocked packets'!E3 -> 80 | F3: ='mocked packets'!G2 -> TCP | G3: ='mocked packets'!F2 -> 0 | H3: ='mocked packets'!F3 -> 2.5 | I3: =H3-G3 -> 2.5 | J3: =J2 + 1 -> 2 | K3: =IF('mocked packets'!J3="True", 1+K2, 0+K2) -> 0 | L3: =IF('mocked packets'!K2="True", 1 +L2, 0 + L2) -> 2 | M3: =IF('mocked packets'!L3="True", 1+M2, 0+M2) -> 0 | N3: =IF('mocked packets'!M3="True", 1 + N2, 0 + N2) -> 0 | O3: ='mocked packets'!I3 + O2 -> 24 | P3: =O3 /J3 -> 12 | Q3: =('mocked packets'!I3 -P3 )^2 + Q2 -> 4 | R3: =(Q3/J3)^0.5 -> 1.4142136 | S3: =IF(J3>1, ('mocked packets'!F3) - ('mocked packets'!F2) + S2, 0) -> 2.5 | T3: =IF(S3>0,S3/(J3-1), 0) -> 2.5 | U3: =(S3 -T3)^2 -> 0 | V3: =IF(J3 > 1, (U3/(J3 - 1))^0.5, 0) -> 0 | W3: -1 | X3: =IF('mocked packets'!O2="True", 1+X2, 0+X2) -> 0 | Y3: =IF('mocked packets'!B2="MAC: HOST A", 1 + Y2, 0) -> 2 | Z3: =IF('mocked packets'!B2="MAC: HOST B", 1 + Z2, 0 + Z2) -> 0 | AA3: =IF(I3>0, Y3/I3, 0) -> 0.8 | AB3: =IF(I3>0, Z3/I3, 0) -> 0 | AC3: =IF(AND('mocked packets'!B2="MAC: HOST A", 'mocked packets'!J3=TRUE), 1 + AC2, 0 + AC2) -> 0 | AD3: {=IF(ISNUMBER(SEARCH(tcp,malformed,'mocked packets'!N2)),1 + AD2,0 + AD2)} -> 0 | AE3: 0 | AF3: ='mocked packets'!T3 + AF2 -> 22 | AG3: =AG2 + 1 -> 2 | AH3: =AF3 /AG3 -> 11 | AI3: =((AF3 - AF2) - AH3)^2 + AI2 -> 1 | AJ3: =(AI3/AG3) ^0.5 -> 0.70710678
A4: 2 | B4: ='mocked packets'!B5 -> MAC: HOST A | C4: ='mocked packets'!C5 -> MAC: HOST B | D4: ='mocked packets'!D5 -> 443 | E4: ='mocked packets'!E5 -> 80 | F4: ='mocked packets'!G2 -> TCP | G4: ='mocked packets'!F2 -> 0 | H4: ='mocked packets'!F4 -> 2.6 | I4: =H4-G4 -> 2.6 | J4: =J3 + 1 -> 3 | K4: =IF('mocked packets'!J4="True", 1+K3, 0+K3) -> 0 | L4: =IF('mocked packets'!K3="True", 1 +L3, 0 + L3) -> 3 | M4: =IF('mocked packets'!L4=TRUE, 1+M3, 0+M3) -> 0 | N4: =IF('mocked packets'!M4="True", 1 + N3, 0 + N3) -> 0 | O4: ='mocked packets'!I4 + O3 -> 35 | P4: =O4 /J4 -> 11.666667 | Q4: =('mocked packets'!I4 -P4 )^2 + Q3 -> 4.4444444 | R4: =(Q4/J4)^0.5 -> 1.2171612 | S4: =IF(J4>1, ('mocked packets'!F4) - ('mocked packets'!F3) + S3, 0) -> 2.6 | T4: =IF(S4>0,S4/(J4-1), 0) -> 1.3 | U4: =((S4-S3) - T4)^2 -> 1.44 | V4: =IF(J4 > 1, (U4/(J4 - 1))^0.5, 0) -> 0.84852814 | W4: -1 | X4: =IF(NOT('mocked packets'!O4), 0 + X3, 1 + X3) -> 0 | Y4: =IF('mocked packets'!B3="MAC: HOST A", 1 + Y3, 0) -> 3 | Z4: =IF('mocked packets'!B3="MAC: HOST B", 1 + Z3, 0 + Z3) -> 0 | AA4: =IF(I4>0, Y4/I4, 0) -> 1.1538462 | AB4: =IF(I4>0, Z4/I4, 0) -> 0 | AC4: =IF(AND('mocked packets'!B3="MAC: HOST A", 'mocked packets'!J4=TRUE), 1 + AC3, 0 + AC3) -> 0 | AD4: {=IF(ISNUMBER(SEARCH(tcp,malformed,'mocked packets'!N3)),1 + AD3,0 + AD3)} -> 0 | AE4: 0 | AF4: ='mocked packets'!T4 + AF3 -> 36 | AG4: =AG3 + 1 -> 3 | AH4: =AF4 /AG4 -> 12 | AI4: =((AF4 - AF3) - AH4)^2 + AI3 -> 5 | AJ4: =(AI4/AG4) ^0.5 -> 1.2909944
A5: 3 | B5: ='mocked packets'!B4 -> MAC: HOST A | C5: ='mocked packets'!C4 -> MAC: HOST B | D5: ='mocked packets'!D4 -> 443 | E5: ='mocked packets'!E4 -> 80 | F5: ='mocked packets'!G2 -> TCP | G5: ='mocked packets'!F2 -> 0 | H5: ='mocked packets'!F5 -> 3.2 | I5: =H5-G5 -> 3.2 | J5: =J4 + 1 -> 4 | K5: =IF('mocked packets'!J5="True", 1+K4, 0+K4) -> 0 | L5: =IF('mocked packets'!K4="True", 1 +L4, 0 + L4) -> 4 | M5: =IF('mocked packets'!L5=TRUE, 1+M4, 0+M4) -> 0 | N5: =IF('mocked packets'!M5="True", 1 + N4, 0 + N4) -> 0 | O5: ='mocked packets'!I5 + O4 -> 45 | P5: =O5 /J5 -> 11.25 | Q5: =('mocked packets'!I5 -P5 )^2 + Q4 -> 6.0069444 | R5: =(Q5/J5)^0.5 -> 1.2254534 | S5: =IF(J5>1, ('mocked packets'!F5) - ('mocked packets'!F4) + S4, 0) -> 3.2 | T5: =IF(S5>0,S5/(J5-1), 0) -> 1.0666667 | U5: =(('mocked packets'!F5 - 'mocked packets'!F4) - T5)^2 + U4 -> 1.6577778 | V5: =IF(J5 > 1, (U5/(J5 - 1))^0.5, 0) -> 0.74336572 | W5: -1 | X5: =IF(NOT('mocked packets'!O5), 0 + X4, 1 + X4) -> 0 | Y5: =IF('mocked packets'!B4="MAC: HOST A", 1 + Y4, 0) -> 4 | Z5: =IF('mocked packets'!B4="MAC: HOST B", 1 + Z4, 0 + Z4) -> 0 | AA5: =IF(I5>0, Y5/I5, 0) -> 1.25 | AB5: =IF(I5>0, Z5/I5, 0) -> 0 | AC5: =IF(AND('mocked packets'!B4="MAC: HOST A", 'mocked packets'!J5=TRUE), 1 + AC4, 0 + AC4) -> 0 | AD5: {=IF(ISNUMBER(SEARCH(tcp,malformed,'mocked packets'!N4)),1 + AD4,0 + AD4)} -> 0 | AE5: 0 | AF5: ='mocked packets'!T5 + AF4 -> 52 | AG5: =AG4 + 1 -> 4 | AH5: =AF5 /AG5 -> 13 | AI5: =((AF5 - AF4) - AH5)^2 + AI4 -> 14 | AJ5: =(AI5/AG5) ^0.5 -> 1.8708287

Sheet Destination port conversation
A1: Index | B1: src_mac | C1: dst_mac | D1: src_port | E1: dst_port | F1: protocol | G1: start_ts | H1: last_ts | I1: duration | J1: total_packet_count | K1: syn_flag_count | L1: ack_flag_count | M1: rst_flag_count | N1: fin_flag_count | O1: packet_size | P1: packet_size_mean | Q1: packet_size_ssr | R1: packet_size_std | S1: iat_time | T1: iat_time_mean | U1: iat_time_ssr | V1: iat_time_std | W1: ex_ack_number | X1: keep_alive_count | Y1: inbound_packet_count | Z1: outbound_packet_count | AA1: inbound_packet_rate | AB1: outbound_packet_rate | AC1: connection_count | AD1: invalid_checksums_count | AE1: num_connection_per_domain | AF1: ttl | AG1: ttl_packets | AH1: ttl_mean | AI1: ttl_ssr | AJ1: ttl_std
A2: =ROW() - 2 -> 0 | B2: MAC: HOST A-443 | C2: ='mocked packets'!C2 -> MAC: HOST B | D2: ='mocked packets'!D2 -> 443 | E2: ='mocked packets'!E2 -> 80 | F2: ='mocked packets'!G2 -> TCP | G2: ='mocked packets'!F2 -> 0 | H2: =G2-H2 -> 0 | I2: =H2-G2 -> 0 | J2: 1 | K2: =IF('mocked packets'!J2="True", 1, 0) -> 0 | L2: =IF('mocked packets'!K2="True", 1, 0) -> 1 | M2: =IF('mocked packets'!L2="True", 1, 0) -> 0 | N2: =IF('mocked packets'!M2="True", 1, 0) -> 0 | O2: ='mocked packets'!I2 -> 10 | P2: =O2 /J2 -> 10 | Q2: =(O2 -P2 )^2 -> 0 | R2: =(Q2/J2)^0.5 -> 0 | S2: =IF(J2>1, ('mocked packets'!F2) - ('mocked packets'!F1) + S1, 0) -> 0 | T2: =IF(S2>0,S2/(J2-1), 0) -> 0 | U2: =(S2 -T2)^2 -> 0 | V2: =IF(J2 > 1, (U2/(J2 - 1))^0.5, 0) -> 0 | W2: -1 | X2: =IF('mocked packets'!O2="True", 1, 0) -> 0 | Y2: =IF('mocked packets'!B2="MAC: HOST A", 1, 0) -> 1 | Z2: =IF('mocked packets'!B2="MAC: HOST B", 1, 0) -> 0 | AA2: =IF(I2>0, Y2/I2, 0) -> 0 | AB2: =IF(I2>0, Z2/I2, 0) -> 0 | AC2: =IF(AND('mocked packets'!B2="MAC: HOST A", 'mocked packets'!J2=TRUE), 1, 0) -> 0 | AD2: {=IF(ISNUMBER(SEARCH(tcp,malformed,'mocked packets'!N2)),1,0)} -> 0 | AE2: 0 | AF2: ='mocked packets'!T2 -> 10 | AG2: 1 | AH2: =AF2 /AG2 -> 10 | AI2: 0 | AJ2: =(AI2/AG2)^2 -> 0
A3: =ROW() - 2 -> 1 | B3: MAC: HOST A-443 | C3: ='mocked packets'!C3 -> MAC: HOST B | D3: ='mocked packets'!D3 -> 443 | E3: ='mocked packets'!E3 -> 80 | F3: ='mocked packets'!G2 -> TCP | G3: ='mocked packets'!F2 -> 0 | H3: ='mocked packets'!F3 -> 2.5 | I3: =H3-G3 -> 2.5 | J3: =J2 + 1 -> 2 | K3: =IF('mocked packets'!J3="True", 1+K2, 0+K2) -> 0 | L3: =IF('mocked packets'!K2="True", 1 +L2, 0 + L2) -> 2 | M3: =IF('mocked packets'!L3="True", 1+M2, 0+M2) -> 0 | N3: =IF('mocked packets'!M3="True", 1 + N2, 0 + N2) -> 0 | O3: ='mocked packets'!I3 + O2 -> 24 | P3: =O3 /J3 -> 12 | Q3: =('mocked packets'!I3 -P3 )^2 + Q2 -> 4 | R3: =(Q3/J3)^0.5 -> 1.4142136 | S3: =IF(J3>1, ('mocked packets'!F3) - ('mocked packets'!F2) + S2, 0) -> 2.5 | T3: =IF(S3>0,S3/(J3-1), 0) -> 2.5 | U3: =(S3 -T3)^2 -> 0 | V3: =IF(J3 > 1, (U3/(J3 - 1))^0.5, 0) -> 0 | W3: -1 | X3: =IF('mocked packets'!O2="True", 1+X2, 0+X2) -> 0 | Y3: =IF('mocked packets'!B2="MAC: HOST A", 1 + Y2, 0) -> 2 | Z3: =IF('mocked packets'!B2="MAC: HOST B", 1 + Z2, 0 + Z2) -> 0 | AA3: =IF(I3>0, Y3/I3, 0) -> 0.8 | AB3: =IF(I3>0, Z3/I3, 0) -> 0 | AC3: =IF(AND('mocked packets'!B2="MAC: HOST A", 'mocked packets'!J3=TRUE), 1 + AC2, 0 + AC2) -> 0 | AD3: {=IF(ISNUMBER(SEARCH(tcp,malformed,'mocked packets'!N2)),1 + AD2,0 + AD2)} -> 0 | AE3: 0 | AF3: ='mocked packets'!T3 + AF2 -> 22 | AG3: 2 | AH3: =AF3 /AG3 -> 11 | AI3: =((AF3 - AF2) - AH3)^2 + AI2 -> 1 | AJ3: =(AI3/AG3) ^0.5 -> 0.70710678
A4: 2 | B4: MAC: HOST A-443 | C4: ='mocked packets'!C5 -> MAC: HOST B | D4: ='mocked packets'!D5 -> 443 | E4: ='mocked packets'!E5 -> 80 | F4: ='mocked packets'!G2 -> TCP | G4: ='mocked packets'!F2 -> 0 | H4: ='mocked packets'!F4 -> 2.6 | I4: =H4-G4 -> 2.6 | J4: =J3 + 1 -> 3 | K4: =IF('mocked packets'!J4="True", 1+K3, 0+K3) -> 0 | L4: =IF('mocked packets'!K3="True", 1 +L3, 0 + L3) -> 3 | M4: =IF('mocked packets'!L4=TRUE, 1+M3, 0+M3) -> 0 | N4: =IF('mocked packets'!M4="True", 1 + N3, 0 + N3) -> 0 | O4: ='mocked packets'!I4 + O3 -> 35 | P4: =O4 /J4 -> 11.666667 | Q4: =('mocked packets'!I4 -P4 )^2 + Q3 -> 4.4444444 | R4: =(Q4/J4)^0.5 -> 1.2171612 | S4: =IF(J4>1, ('mocked packets'!F4) - ('mocked packets'!F3) + S3, 0) -> 2.6 | T4: =IF(S4>0,S4/(J4-1), 0) -> 1.3 | U4: =((S4-S3) - T4)^2 -> 1.44 | V4: =IF(J4 > 1, (U4/(J4 - 1))^0.5, 0) -> 0.84852814 | W4: -1 | X4: =IF(NOT('mocked packets'!O4), 0 + X3, 1 + X3) -> 0 | Y4: =IF('mocked packets'!B3="MAC: HOST A", 1 + Y3, 0) -> 3 | Z4: =IF('mocked packets'!B3="MAC: HOST B", 1 + Z3, 0 + Z3) -> 0 | AA4: =IF(I4>0, Y4/I4, 0) -> 1.1538462 | AB4: =IF(I4>0, Z4/I4, 0) -> 0 | AC4: =IF(AND('mocked packets'!B3="MAC: HOST A", 'mocked packets'!J4=TRUE), 1 + AC3, 0 + AC3) -> 0 | AD4: {=IF(ISNUMBER(SEARCH(tcp,malformed,'mocked packets'!N3)),1 + AD3,0 + AD3)} -> 0 | AE4: 0 | AF4: ='mocked packets'!T4 + AF3 -> 36 | AG4: 3 | AH4: =AF4 /AG4 -> 12 | AI4: =((AF4 - AF3) - AH4)^2 + AI3 -> 5 | AJ4: =(AI4/AG4) ^0.5 -> 1.2909944
A5: 3 | B5: MAC: HOST A-443 | C5: ='mocked packets'!C4 -> MAC: HOST B | D5: ='mocked packets'!D4 -> 443 | E5: ='mocked packets'!E4 -> 80 | F5: ='mocked packets'!G2 -> TCP | G5: ='mocked packets'!F2 -> 0 | H5: ='mocked packets'!F5 -> 3.2 | I5: =H5-G5 -> 3.2 | J5: =J4 + 1 -> 4 | K5: =IF('mocked packets'!J5="True", 1+K4, 0+K4) -> 0 | L5: =IF('mocked packets'!K4="True", 1 +L4, 0 + L4) -> 4 | M5: =IF('mocked packets'!L5=TRUE, 1+M4, 0+M4) -> 0 | N5: =IF('mocked packets'!M5="True", 1 + N4, 0 + N4) -> 0 | O5: ='mocked packets'!I5 + O4 -> 45 | P5: =O5 /J5 -> 11.25 | Q5: =('mocked packets'!I5 -P5 )^2 + Q4 -> 6.0069444 | R5: =(Q5/J5)^0.5 -> 1.2254534 | S5: =IF(J5>1, ('mocked packets'!F5) - ('mocked packets'!F4) + S4, 0) -> 3.2 | T5: =IF(S5>0,S5/(J5-1), 0) -> 1.0666667 | U5: =(('mocked packets'!F5 - 'mocked packets'!F4) - T5)^2 + U4 -> 1.6577778 | V5: =IF(J5 > 1, (U5/(J5 - 1))^0.5, 0) -> 0.74336572 | W5: -1 | X5: =IF(NOT('mocked packets'!O5), 0 + X4, 1 + X4) -> 0 | Y5: =IF('mocked packets'!B4="MAC: HOST A", 1 + Y4, 0) -> 4 | Z5: =IF('mocked packets'!B4="MAC: HOST B", 1 + Z4, 0 + Z4) -> 0 | AA5: =IF(I5>0, Y5/I5, 0) -> 1.25 | AB5: =IF(I5>0, Z5/I5, 0) -> 0 | AC5: =IF(AND('mocked packets'!B4="MAC: HOST A", 'mocked packets'!J5=TRUE), 1 + AC4, 0 + AC4) -> 0 | AD5: {=IF(ISNUMBER(SEARCH(tcp,malformed,'mocked packets'!N4)),1 + AD4,0 + AD4)} -> 0 | AE5: 0 | AF5: ='mocked packets'!T5 + AF4 -> 52 | AG5: 4 | AH5: =AF5 /AG5 -> 13 | AI5: =((AF5 - AF4) - AH5)^2 + AI4 -> 14 | AJ5: =(AI5/AG5) ^0.5 -> 1.8708287
